<?xml version="1.0" encoding="UTF-8" standalone="no"?>
<results>
  <success>
    <command name="createCity"/>
    <parameters>
      <name value="Baltimore"/>
      <x value="140"/>
      <y value="37"/>
      <radius value="0"/>
      <color value="black"/>
    </parameters>
    <output/>
  </success>
  <success>
    <command name="createCity"/>
    <parameters>
      <name value="Chicago"/>
      <x value="133"/>
      <y value="34"/>
      <radius value="0"/>
      <color value="black"/>
    </parameters>
    <output/>
  </success>
  <success>
    <command name="createCity"/>
    <parameters>
      <name value="New_York"/>
      <x value="200"/>
      <y value="300"/>
      <radius value="0"/>
      <color value="black"/>
    </parameters>
    <output/>
  </success>
  <success>
    <command name="createCity"/>
    <parameters>
      <name value="Zurich"/>
      <x value="1000"/>
      <y value="1000"/>
      <radius value="0"/>
      <color value="black"/>
    </parameters>
    <output/>
  </success>
  <success>
    <command name="createCity"/>
    <parameters>
      <name value="Paris"/>
      <x value="500"/>
      <y value="400"/>
      <radius value="0"/>
      <color value="black"/>
    </parameters>
    <output/>
  </success>
  <success>
    <command name="createCity"/>
    <parameters>
      <name value="Amsterdam"/>
      <x value="450"/>
      <y value="450"/>
      <radius value="0"/>
      <color value="black"/>
    </parameters>
    <output/>
  </success>
  <error type="cityNotFound">
    <command name="nearestCity"/>
    <parameters>
      <x value="50"/>
      <y value="10"/>
    </parameters>
  </error>
  <success>
    <command name="mapRoad"/>
    <parameters>
      <start value="Baltimore"/>
      <end value="Chicago"/>
    </parameters>
    <output>
      <roadCreated end="Chicago" start="Baltimore"/>
    </output>
  </success>
  <success>
    <command name="nearestCity"/>
    <parameters>
      <x value="100"/>
      <y value="100"/>
    </parameters>
    <output>
      <city color="black" name="Chicago" radius="0" x="133" y="34"/>
    </output>
  </success>
  <success>
    <command name="mapRoad"/>
    <parameters>
      <start value="Chicago"/>
      <end value="New_York"/>
    </parameters>
    <output>
      <roadCreated end="New_York" start="Chicago"/>
    </output>
  </success>
  <success>
    <command name="nearestCity"/>
    <parameters>
      <x value="300"/>
      <y value="500"/>
    </parameters>
    <output>
      <city color="black" name="New_York" radius="0" x="200" y="300"/>
    </output>
  </success>
  <success>
    <command name="mapRoad"/>
    <parameters>
      <start value="New_York"/>
      <end value="Zurich"/>
    </parameters>
    <output>
      <roadCreated end="Zurich" start="New_York"/>
    </output>
  </success>
  <success>
    <command name="nearestCity"/>
    <parameters>
      <x value="10"/>
      <y value="10"/>
    </parameters>
    <output>
      <city color="black" name="Chicago" radius="0" x="133" y="34"/>
    </output>
  </success>
  <success>
    <command name="mapRoad"/>
    <parameters>
      <start value="Zurich"/>
      <end value="Paris"/>
    </parameters>
    <output>
      <roadCreated end="Paris" start="Zurich"/>
    </output>
  </success>
  <success>
    <command name="nearestCity"/>
    <parameters>
      <x value="1000"/>
      <y value="1000"/>
    </parameters>
    <output>
      <city color="black" name="Zurich" radius="0" x="1000" y="1000"/>
    </output>
  </success>
  <success>
    <command name="mapRoad"/>
    <parameters>
      <start value="Paris"/>
      <end value="Amsterdam"/>
    </parameters>
    <output>
      <roadCreated end="Amsterdam" start="Paris"/>
    </output>
  </success>
  <success>
    <command name="nearestCity"/>
    <parameters>
      <x value="500"/>
      <y value="500"/>
    </parameters>
    <output>
      <city color="black" name="Amsterdam" radius="0" x="450" y="450"/>
    </output>
  </success>
  <success>
    <command name="saveMap"/>
    <parameters>
      <name value="part2.public.nearest"/>
    </parameters>
    <output/>
  </success>
</results>
